anne,/home/anne,anne
brent,/home/brent,brent
carl,/home/carl,carl
daryl,/home/daryl,daryl
el,/home/el,el
fione,/home/fione,fione
gary,/home/gary,gary
harry,/home/harry,harry
ian,/home/ian,ian
kelly,/home/kelly,kelly
